<?xml version="1.0" encoding="UTF-8"?>
<!DOCTYPE mapper PUBLIC "-//mybatis.org//DTD Mapper 3.0//EN" "http://mybatis.org/dtd/mybatis-3-mapper.dtd">
<mapper namespace="com.zgw.blog.mapper.ArticleCategoryRefMapper">
    <resultMap id="BaseResultMap" type="com.zgw.blog.entity.ArticleCategoryRef">
        <result column="article_id" jdbcType="INTEGER" property="articleId"/>
        <result column="category_id" jdbcType="INTEGER" property="categoryId"/>
    </resultMap>
    <sql id="tb">article_category_ref</sql>

    <select id="listCategoryByArticleId" parameterType="java.lang.Integer"
            resultType="com.zgw.blog.entity.Category">
        SELECT
        category.category_id, category.category_pid, category.category_name
        FROM category, article_category_ref
        WHERE article_category_ref.article_id = #{value} AND
        article_category_ref.category_id = category.category_id
        ORDER BY category.category_pid asc
    </select>
    <delete id="deleteByArticleId" parameterType="java.lang.Integer">
        delete from
        <include refid="tb"/>
        where article_id = #{value}
    </delete>
    <insert id="insert" parameterType="java.lang.Integer">
        insert into
        <include refid="tb"/>
        (article_id, category_id)
        values (#{articleId}, #{categoryId})
    </insert>

    <select id="countArticleByCategoryId" parameterType="java.lang.Integer" resultType="java.lang.Integer">
        select count(*) from
        <include refid="tb"/>
        where category_id = #{value}
    </select>

    <delete id="deleteByCategoryId" parameterType="java.lang.Integer">
        delete from
        <include refid="tb"/>
        where category_id = #{value}
    </delete>


    <select id="selectCategoryIdByArticleId" resultType="java.lang.Integer">
        SELECT category_id FROM
        <include refid="tb"/>
        WHERE article_id = #{value}
    </select>


</mapper>