<?xml version="1.0" encoding="UTF-8"?>
<beans xmlns="http://www.springframework.org/schema/beans"
       xmlns:xsi="http://www.w3.org/2001/XMLSchema-instance"
       xmlns:context="http://www.springframework.org/schema/context"
       xmlns:aop="http://www.springframework.org/schema/aop"
       xmlns:tx="http://www.springframework.org/schema/tx"
       xsi:schemaLocation="http://www.springframework.org/schema/beans
	http://www.springframework.org/schema/beans/spring-beans.xsd
	http://www.springframework.org/schema/context
	http://www.springframework.org/schema/context/spring-context.xsd
	http://www.springframework.org/schema/aop
	http://www.springframework.org/schema/aop/spring-aop.xsd
	http://www.springframework.org/schema/tx
	http://www.springframework.org/schema/tx/spring-tx.xsd">
    <!--加载db.properties-->
    <context:property-placeholder location="classpath:db.properties"/>
    <!--配置druid连接池-->
    <bean id="dataSource" class="com.alibaba.druid.pool.DruidDataSource" init-method="init" destroy-method="close">
    <!-- 基本属性 url、user、password -->
    <property name="driverClassName" value="com.mysql.jdbc.Driver" />
    <property name="url" value="${mysql.url}" />
    <property name="username" value="${mysql.username}" />
    <property name="password" value="${mysql.password}" />
    <!-- 配置初始化大小、最小、最大 -->
    <property name="initialSize" value="1" />
    <property name="minIdle" value="1" />
    <property name="maxActive" value="20" />
    <!-- 配置获取连接等待超时的时间 -->
    <property name="maxWait" value="60000" />

     <!-- 配置间隔多久才进行一次检测，检测需要关闭的空闲连接，单位是毫秒 -->
     <property name="timeBetweenEvictionRunsMillis" value="60000" />
        <!-- 配置一个连接在池中最小生存的时间，单位是毫秒 -->
        <property name="minEvictableIdleTimeMillis" value="300000" />

        <property name="validationQuery" value="SELECT 'x'" />
        <property name="testWhileIdle" value="true" />
        <property name="testOnBorrow" value="false" />
        <property name="testOnReturn" value="false" />

        <!-- 打开PSCache，并且指定每个连接上PSCache的大小 -->
        <property name="poolPreparedStatements" value="true" />
        <property name="maxPoolPreparedStatementPerConnectionSize" value="20" />

        <!-- 配置监控统计拦截的filters，去掉后监控界面sql无法统计 -->
        <property name="filters" value="stat" />
    </bean>

    <bean id="sqlSessionFactory" class="org.mybatis.spring.SqlSessionFactoryBean">
        <!--数据库连接池-->
        <property name="dataSource" ref="dataSource"/>
        <!--加载mybatis全局配置文件-->
        <property name="configLocation" value="classpath:mybatis/mybatis-config.xml"/>
        <!--mapper.xml所在位置-->
        <property name="mapperLocations" value="classpath*:mapper/*Mapper.xml" />
        <!--指定需要使用别名的PO类所在的包-->
        <property name="typeAliasesPackage" value="com.zgw.blog.entity" />
    </bean>
    <!--mapper扫描器-->
    <bean class="org.mybatis.spring.mapper.MapperScannerConfigurer">
        <!--如果需要扫描多个包，中间使用半角逗号隔开-->
        <property name="basePackage" value="com.zgw.blog.mapper"></property>
        <property name="sqlSessionFactoryBeanName" value="sqlSessionFactory"/>
    </bean>
    <!-- 对mybatis操作数据事务控制，spring使用jdbc的事务控制类 -->
    <bean id="transactionManager" class="org.springframework.jdbc.datasource.DataSourceTransactionManager">
        <!-- 数据源dataSource在spring-mybatis.xml中配置了 -->
        <property name="dataSource" ref="dataSource"/>
    </bean>
    <!-- 通知 -->
    <tx:advice id="txAdvice" transaction-manager="transactionManager">
        <tx:attributes>
            <tx:method name="save*" propagation="REQUIRED"/>
            <tx:method name="delete*" propagation="REQUIRED"/>
            <tx:method name="update*" propagation="REQUIRED"/>
            <tx:method name="insert*" propagation="REQUIRED"/>
            <tx:method name="find*" propagation="SUPPORTS" read-only="true"/>
            <tx:method name="get*" propagation="SUPPORTS" read-only="true"/>
            <tx:method name="select*" propagation="SUPPORTS" read-only="true"/>
        </tx:attributes>
    </tx:advice>

    <aop:config>
        <aop:advisor advice-ref="txAdvice" pointcut="execution(* com.zgw.blog.service.impl.*.*(..))"/>
    </aop:config>

</beans>